model,rating,category,real_type,engine_kinds,total_static_thrust_lbf,total_power_hp,afterburner,release,load,n_engines,trim_method,trim_kcas,trim_alt_ft,mach,weight_lb,alpha_deg,theta_deg,gamma_deg,throttle,pitch_trim,resid_udot,resid_wdot,resid_qdot_dps2,hold10_dtheta_deg,hold10_dkcas,hold10_phi_deg,doublet_status,doublet_peak_q_dps,doublet_peak_nz,doublet_min_nz,doublet_max_dtheta,doublet_max_phi,doublet_dh_ft,q_decay_ratio,pitch_rate_gain_dps_per_unit,pstep_status,pstep_pass,pstep_overshoot_deg,pstep_t90_s,pstep_final_err_deg,pstep_peak_nz,deterministic,rtf_pure,rtf_loop,flytest_trim,flytest_fly10s_pass,created_props,trim_errors,load_err,reasons
737,good-to-evolve,jet,twin-turbofan airliner (Boeing 737),turbine_engine,40000.0,,False,BETA,ok,2,builtin-full,250.0,10000.0,0.452,107000.0,3.25,3.25,0.0,0.69,-0.211,-0.0001,0.0001,-0.0,0.03,-0.03,0.0,ok,2.12,1.14,0.82,1.28,0.0,7.6,0.008,-15.75,ok,True,0.3,2.41,0.097,1.25,True,259.7,168.4,builtin-level,True,,,,
787-8,good-to-evolve,jet,twin-turbofan widebody airliner (Boeing 787-8),turbine_engine,133000.0,,False,BETA,ok,2,builtin-full,250.0,10000.0,0.452,420027.0,3.13,3.13,0.0,0.545,-0.238,-0.0001,0.0008,0.0,0.01,-0.02,-0.0,ok,2.85,1.11,0.81,1.36,0.0,1.1,0.002,-16.94,ok,True,0.22,3.91,0.069,1.11,True,258.3,199.8,builtin-level,True,,,,
A320,good-to-evolve,jet,twin-turbofan airliner (Airbus A320-200),turbine_engine,50000.0,,False,BETA,ok,2,builtin-full,250.0,10000.0,0.452,141000.0,3.03,3.03,-0.0,0.825,-0.287,-0.0001,0.0001,0.0,0.02,-0.03,0.0,ok,4.1,1.31,0.76,1.6,0.0,2.9,0.077,-20.01,ok,True,0.25,4.03,0.176,1.21,True,188.6,198.6,builtin-level,True,,,,
Boeing314,good-to-evolve,piston,four-engine piston flying boat (Boeing 314A),piston_engine,,6400.0,False,PRODUCTION,ok,4,builtin-full,130.0,5000.0,0.215,84028.0,2.72,2.72,0.0,0.712,-0.078,0.0,0.0007,-0.0,0.0,-0.01,-0.0,ok,1.62,1.09,0.84,1.34,0.0,3.8,0.009,-16.13,ok,True,0.4,1.77,0.072,1.18,True,172.5,237.3,builtin-level,True,,,,
c172p,good-to-evolve,piston,light single piston (Cessna 172P),piston_engine,,160.0,False,BETA,ok,1,builtin-full,100.0,4000.0,0.163,1880.0,0.39,0.39,0.0,0.72,0.187,-0.0,-0.0001,0.0,0.0,-0.0,0.03,ok,9.54,1.43,0.56,4.22,0.17,-5.6,0.033,-64.31,ok,True,0.06,2.75,0.432,1.13,True,225.7,249.6,builtin-level,True,,,,
c172r,good-to-evolve,piston,light single piston (Cessna 172R),piston_engine,,180.0,False,BETA,ok,1,builtin-full,100.0,4000.0,0.163,2436.0,1.48,1.48,0.0,0.805,0.17,-0.0,-0.0001,0.0,0.0,-0.01,0.03,ok,9.83,1.39,0.64,3.96,0.1,-3.1,0.021,-63.34,ok,True,0.08,2.97,0.5,1.12,True,324.7,209.9,builtin-level,True,,,,
c172x,good-to-evolve,piston,"light single piston (Cessna 172P, 1982)",piston_engine,,160.0,False,BETA,ok,1,builtin-full,100.0,4000.0,0.163,2480.0,0.79,0.79,0.0,0.78,0.219,-0.0,-0.0002,-0.0,0.01,-0.01,-0.14,ok,3.32,1.22,0.78,10.9,1.13,187.4,0.586,-26.28,ok,True,1.03,0.95,0.271,1.31,True,237.7,463.4,builtin-level,True,,,,
c182,good-to-evolve,piston,light single piston (Cessna 182),piston_engine,,230.0,False,BETA,ok,1,builtin-full,120.0,5000.0,0.199,2280.0,-0.29,-0.29,-0.0,0.88,0.259,0.0,-0.0001,0.0,0.01,-0.0,0.17,ok,5.62,1.46,0.44,3.94,0.22,-0.3,0.017,-45.86,ok,True,0.35,2.2,0.198,1.18,True,361.5,195.8,builtin-level,True,,,,
Concorde,good-to-evolve,jet,"supersonic airliner, 4 afterburning turbojets (Concorde)",turbine_engine,148320.0,,True,PRODUCTION,ok,4,builtin-full,300.0,10000.0,0.541,408229.0,4.74,4.74,0.0,0.752,-0.154,-0.0002,0.001,-0.0,0.01,-0.03,0.0,ok,1.29,1.08,0.83,1.58,0.01,-113.6,0.037,-10.96,ok,True,0.35,2.08,0.092,1.25,True,273.1,190.9,builtin-level,True,,,,
DHC6,good-to-evolve,turboprop,twin-turboprop utility (DHC-6 Twin Otter),turboprop_engine,,1360.0,False,BETA,ok,2,builtin-full,140.0,5000.0,0.232,10114.0,-2.16,-2.16,-0.0,0.927,0.376,-0.0001,-0.0003,0.0,2.03,0.28,-9.15,ok,3.46,1.21,0.61,3.04,0.76,-109.6,0.039,-32.23,ok,True,0.28,3.08,0.116,1.13,True,508.5,209.5,builtin-level,True,,,,
f15,good-to-evolve,jet,twin-turbofan afterburning fighter (F-15),turbine_engine,58000.0,,True,BETA,ok,2,builtin-full,350.0,10000.0,0.629,33230.0,1.73,1.73,0.0,0.618,-0.049,-0.0,0.0001,0.0,0.03,-0.04,0.0,ok,5.63,1.86,-0.01,3.08,0.0,34.2,0.001,-34.93,ok,True,0.34,2.16,0.021,1.4,True,416.3,342.4,builtin-level,True,,,,
f16,good-to-evolve,jet,single-turbofan afterburning fighter (F-16A Block 32),turbine_engine,29000.0,,True,PRODUCTION,ok,1,builtin-full,350.0,10000.0,0.629,20630.0,1.04,1.04,0.0,0.373,-0.057,-0.0003,-0.0009,-0.0,0.02,-0.03,-0.0,ok,4.03,1.51,0.31,2.86,0.0,-42.5,0.002,-32.0,ok,True,0.39,2.25,0.014,1.38,True,240.5,143.3,builtin-level,True,,,,
MD11,good-to-evolve,jet,three-turbofan widebody airliner (MD-11),turbine_engine,180600.0,,False,BETA,ok,3,builtin-full,250.0,10000.0,0.452,398003.0,4.33,4.33,0.0,0.558,-0.152,-0.0,0.0001,-0.0,0.01,-0.02,0.0,ok,0.74,1.03,0.91,0.64,0.0,5.5,0.057,-7.29,ok,True,0.89,1.42,0.03,1.34,True,431.2,212.6,builtin-level,True,,,,
T38,good-to-evolve,jet,twin-turbojet afterburning supersonic trainer (Northrop T-38),turbine_engine,5800.0,,True,BETA,ok,2,builtin-full,300.0,10000.0,0.541,11474.0,4.58,4.58,0.0,0.435,-0.115,-0.0001,0.0007,-0.0,0.01,-0.02,0.0,ok,5.34,1.44,0.43,3.29,0.0,-4.3,0.002,-39.75,ok,True,0.31,2.32,0.072,1.3,True,310.7,188.2,builtin-level,True,,,,
A4,usable-with-caveats,jet,single-turbojet attack aircraft (Douglas A-4),turbine_engine,11200.0,,False,ALPHA,ok,1,builtin-full,300.0,10000.0,0.541,13250.0,1.52,1.52,0.0,0.673,-0.072,-0.0001,0.0002,-0.0,0.03,-0.03,0.0,ok,11.31,2.29,0.0,4.29,0.0,-10.9,0.007,-58.71,ok,True,0.36,3.26,0.119,1.33,True,299.3,210.1,builtin-level,True,,,,model marked ALPHA release by its author
B17,usable-with-caveats,piston,four-engine piston bomber (Boeing B-17G),piston_engine,,4800.0,False,ALPHA,ok,4,newton-glide(engines off),120.0,10000.0,0.218,52982.0,6.29,0.61,-5.69,0.0,0.0,0.0,-0.0,0.0,0.08,0.27,-0.0,ok,1.98,1.07,0.87,1.57,0.0,-562.8,0.014,-18.54,ok,True,0.35,1.83,0.084,1.14,True,387.8,197.3,newton-glide,True,,120kt/10000ft/mode1:TrimFailureError:Trim Failed; 140kt/10000ft/mode1:TrimFailureError:Trim Failed; 160kt/10000ft/mode1:TrimFailureError:Trim Failed; 120kt/10000ft/mode0:TrimFailureError:Trim Failed; 102kt/10000ft/mode1:TrimFailureError:Trim Failed; 144kt/10000ft/mode1:TrimFailureError:Trim Failed,,built-in powered trim fails (engine/propeller model gives no usable thrust response); only engine-off glide trim; model marked ALPHA release by its author
B747,usable-with-caveats,jet,four-turbofan widebody airliner (Boeing 747-400),turbine_engine,232000.0,,False,ALPHA,ok,4,builtin-full,250.0,10000.0,0.452,551098.0,3.73,3.73,0.0,0.581,-0.277,-0.0001,0.0001,0.0,0.01,-0.02,0.0,ok,1.38,1.09,0.86,1.01,0.0,4.7,0.035,-12.79,ok,True,0.29,1.67,0.068,1.27,True,196.3,190.8,builtin-level,True,,,,model marked ALPHA release by its author
C130,usable-with-caveats,turboprop,four-turboprop military transport (Lockheed C-130),turbine_engine,40320.0,,False,BETA,ok,4,newton-glide(engines off),150.0,10000.0,0.273,109861.0,2.73,-4.8,-7.53,0.0,0.0,0.0,-0.0001,0.0,0.1,0.66,-0.01,ok,1.34,1.08,0.86,1.02,0.01,-928.3,0.013,-12.54,ok,True,0.4,1.68,0.033,1.21,True,254.6,171.5,newton-glide,True,,150kt/10000ft/mode1:TrimFailureError:Trim Failed; 200kt/10000ft/mode1:TrimFailureError:Trim Failed; 150kt/10000ft/mode0:TrimFailureError:Trim Failed; 128kt/10000ft/mode1:TrimFailureError:Trim Failed; 180kt/10000ft/mode1:TrimFailureError:Trim Failed; 150kt/5000ft/mode1:TrimFailureError:Trim Failed,,built-in powered trim fails (engine/propeller model gives no usable thrust response); only engine-off glide trim
c310,usable-with-caveats,piston,light twin piston (Cessna 310),piston_engine,,520.0,False,BETA,ok,2,builtin-full,91.0,5000.0,0.151,4350.0,7.17,7.17,0.0,0.921,-0.124,0.0,0.0003,0.0,0.01,-0.01,0.06,ok,2.73,1.09,0.88,1.91,0.07,0.7,0.009,-21.87,ok,True,0.2,2.23,0.159,1.08,True,205.6,182.3,newton-glide,True,,130kt/5000ft/mode1:TrimFailureError:Trim Failed; 160kt/5000ft/mode1:TrimFailureError:Trim Failed; 110kt/5000ft/mode1:TrimFailureError:Trim Failed; 130kt/5000ft/mode0:TrimFailureError:Trim Failed; 110kt/5000ft/mode1:TrimFailureError:Trim Failed; 156kt/5000ft/mode1:TrimFailureError:Trim Failed,,"trims at 91 KCAS/5000 ft, not the nominal point"
Camel,usable-with-caveats,piston,WWI rotary-engine biplane fighter (Sopwith Camel),piston_engine,,130.0,False,ALPHA,ok,1,builtin-full,80.0,3000.0,0.128,1571.0,1.2,1.2,0.0,0.485,0.029,-0.0001,0.0,-0.0002,0.0,0.0,-0.0,ok,8.32,1.53,0.4,6.9,1.06,-9.8,0.002,-82.96,ok,True,0.34,1.9,0.049,1.13,True,260.2,194.9,builtin-level,True,,,,model marked ALPHA release by its author
dr1,usable-with-caveats,piston,WWI triplane fighter (Fokker Dr.I),piston_engine,,110.0,False,ALPHA,ok,1,newton-glide(engines off),75.0,3000.0,0.12,945.0,-0.01,-7.74,-7.73,0.0,0.0,-0.0,0.0,0.0001,0.08,0.05,-0.0,ok,5.58,1.38,0.57,4.82,0.0,-440.6,0.02,-53.72,ok,True,0.24,1.9,0.168,1.12,True,247.4,209.4,newton-glide,True,/gear/gear/wow; /sim/model/pushback/kd; /sim/model/pushback/ki; /sim/model/pushback/kp; /sim/model/pushback/position-norm,75kt/3000ft/mode1:TrimFailureError:Trim Failed; 80kt/3000ft/mode1:TrimFailureError:Trim Failed; 75kt/3000ft/mode0:TrimFailureError:Trim Failed; 64kt/3000ft/mode1:TrimFailureError:Trim Failed; 90kt/3000ft/mode1:TrimFailureError:Trim Failed; 75kt/2000ft/mode1:TrimFailureError:Trim Failed,,"built-in powered trim fails (engine/propeller model gives no usable thrust response); only engine-off glide trim; needs FlightGear-only properties created: /gear/gear/wow, /sim/model/pushback/kd, /sim/model/pushback/ki, /sim/model/pushback/kp, /sim/model/pushback/position-norm; model marked ALPHA release by its author"
f104,usable-with-caveats,jet,single-turbojet afterburning fighter (F-104C),turbine_engine,15800.0,,True,ALPHA,ok,1,builtin-full,350.0,3000.0,0.557,20010.0,4.7,4.7,0.0,0.979,-0.176,-0.001,0.0,-0.0,0.01,0.01,-0.0,ok,9.97,1.9,0.28,3.81,0.0,-18.8,0.047,-47.31,ok,True,0.34,4.31,-0.042,1.23,True,313.2,259.3,builtin-level,True,systems/radar/range,,,needs FlightGear-only properties created: systems/radar/range; trim throttle 0.979 (little thrust margin); model marked ALPHA release by its author
F4N,usable-with-caveats,jet,twin-turbojet afterburning fighter (F-4N Phantom II),turbine_engine,31600.0,,True,ALPHA,ok,2,builtin-full,300.0,10000.0,0.541,41000.0,2.92,2.92,0.0,0.823,-0.059,-0.0001,0.0003,0.0,0.02,-0.03,0.0,ok,3.62,1.34,0.54,2.37,0.0,16.6,0.001,-27.16,ok,True,0.35,2.15,0.023,1.29,True,309.9,170.4,builtin-level,True,,,,model marked ALPHA release by its author
F80C,usable-with-caveats,jet,single-turbojet fighter (Lockheed F-80C),turbine_engine,4600.0,,False,BETA,ok,1,builtin-full,250.0,10000.0,0.452,11040.0,4.55,4.55,-0.0,0.99,-0.177,-0.0003,0.0002,-0.0,0.02,-0.03,0.0,ok,4.15,1.35,0.58,2.53,0.0,7.7,0.003,-31.2,ok,True,0.31,2.25,0.079,1.29,True,240.4,257.5,builtin-level,True,,,,trim throttle 0.99 (little thrust margin)
fokker100,usable-with-caveats,jet,twin-turbofan airliner (Fokker 100),turbine_engine,27695.4,,False,ALPHA,ok,2,builtin-full,250.0,10000.0,0.452,72454.0,1.35,1.35,0.0,0.933,0.029,-0.0,-0.0,-0.0,0.01,-0.02,0.0,ok,2.84,1.19,0.61,2.25,0.01,-3.5,0.005,-28.19,ok,True,0.47,1.64,0.019,1.35,True,403.5,221.6,builtin-level,True,/gear/gear/wow; /sim/model/pushback/kd; /sim/model/pushback/ki; /sim/model/pushback/kp; /sim/model/pushback/position-norm,,,"needs FlightGear-only properties created: /gear/gear/wow, /sim/model/pushback/kd, /sim/model/pushback/ki, /sim/model/pushback/kp, /sim/model/pushback/position-norm; model marked ALPHA release by its author"
global5000,usable-with-caveats,jet,twin-turbofan business jet (Bombardier Global 5000),turbine_engine,30000.0,,False,ALPHA,ok,2,builtin-full,250.0,10000.0,0.452,80114.0,5.04,5.04,-0.0,0.751,-0.172,-0.0002,0.0002,-0.0,0.01,-0.02,0.0,ok,4.96,1.38,0.56,2.87,0.0,1.3,0.007,-34.97,ok,True,0.31,2.61,0.118,1.26,True,231.8,193.8,builtin-level,True,,,,model marked ALPHA release by its author
J3Cub,usable-with-caveats,piston,light single piston (Piper J-3 Cub),piston_engine,,65.0,False,ALPHA,ok,1,builtin-full,60.0,3000.0,0.096,967.0,-1.2,-1.2,-0.0,0.617,0.231,-0.0,-0.0001,0.0,0.01,-0.0,-0.0,ok,2.5,1.1,0.89,1.61,0.02,-0.4,0.075,-19.61,ok,True,-0.04,2.33,0.279,1.09,True,471.2,260.2,builtin-level,True,,,,model marked ALPHA release by its author
L17,usable-with-caveats,piston,light single piston (Navion L-17),piston_engine,,260.0,False,BETA,ok,1,builtin-full,93.5,5000.0,0.155,2770.0,4.72,4.72,0.0,0.832,-0.201,-0.0003,0.0009,-0.0,0.01,-0.01,-0.0,ok,6.08,1.26,0.74,3.26,0.09,-2.9,0.018,-39.85,ok,True,0.05,2.72,0.388,1.1,True,361.9,258.0,newton-glide,True,fcs/flaps-pos-deg,110kt/5000ft/mode1:TrimFailureError:Trim Failed; 120kt/5000ft/mode1:TrimFailureError:Trim Failed; 110kt/5000ft/mode0:TrimFailureError:Trim Failed,,"trims at 94 KCAS/5000 ft, not the nominal point; needs FlightGear-only properties created: fcs/flaps-pos-deg"
OV10,usable-with-caveats,turboprop,twin-turboprop light attack (OV-10 Bronco),turbine_engine,3200.0,,False,BETA,ok,2,builtin-full,150.0,3000.0,0.239,14703.0,4.9,4.9,0.0,0.983,-0.076,-0.0007,-0.0,-0.0,0.01,-0.01,0.0,ok,3.49,1.15,0.78,2.6,0.0,7.0,0.01,-32.13,ok,True,0.29,1.82,0.14,1.16,True,240.5,222.8,builtin-level,True,,,,trim throttle 0.983 (little thrust margin)
p51d,usable-with-caveats,piston,piston fighter (P-51D),piston_engine,,1700.0,False,BETA,ok,1,newton-glide(engines off),200.0,10000.0,0.363,8097.0,1.18,-7.9,-9.08,0.0,0.0,0.0,-0.0,0.0,0.27,1.36,0.0,ok,5.63,1.75,0.33,3.37,0.0,-1428.0,0.012,-41.22,ok,True,0.4,2.16,0.026,1.32,True,266.5,224.5,newton-glide,True,,200kt/10000ft/mode1:TrimFailureError:Trim Failed; 250kt/10000ft/mode1:TrimFailureError:Trim Failed; 200kt/10000ft/mode0:TrimFailureError:Trim Failed; 170kt/10000ft/mode1:TrimFailureError:Trim Failed; 240kt/10000ft/mode1:TrimFailureError:Trim Failed; 200kt/5000ft/mode1:TrimFailureError:Trim Failed,,built-in powered trim fails (engine/propeller model gives no usable thrust response); only engine-off glide trim
pa28,usable-with-caveats,piston,light single piston (Piper PA-28-180),piston_engine,,180.0,False,BETA,ok,1,builtin-full,80.0,3000.0,0.128,1980.0,1.66,1.66,0.0,0.914,-0.32,-0.0,0.0006,-0.0,0.01,-0.0,-0.12,ok,6.96,1.21,0.79,1.8,0.12,-1.4,0.032,-41.45,ok,False,-0.53,,1.117,1.07,True,308.6,189.3,builtin-level,True,,,,"generic auto-scaled pitch-hold step did not pass (ok, final err 1.117)"
pogo-jsbsim,usable-with-caveats,turboprop,VTOL tail-sitter turboprop (Convair XFY Pogo),turboprop_engine,,7000.0,False,ALPHA,ok,1,builtin-full,150.0,10000.0,0.273,12700.0,4.22,4.22,0.0,0.183,-0.124,0.0001,0.0002,-0.0,2.28,-14.78,0.4,ok,3.78,1.19,0.73,9.7,0.03,-558.7,0.24,-28.87,ok,True,0.03,2.42,0.588,1.13,True,522.6,318.7,builtin-level,True,,,,model marked ALPHA release by its author
Short_S23,usable-with-caveats,piston,four-engine piston flying boat (Short S.23),piston_engine,,3680.0,False,BETA,ok,4,newton-glide(engines off),110.0,5000.0,0.182,34717.0,0.65,-3.48,-4.12,0.0,0.0,0.0,-0.0,-0.0001,0.08,0.13,-0.12,ok,2.61,1.16,0.77,2.08,0.02,-345.6,0.016,-24.57,ok,True,0.32,1.84,0.206,1.15,True,55.1,41.9,newton-glide,True,,110kt/5000ft/mode1:TrimFailureError:Trim Failed; 120kt/5000ft/mode1:TrimFailureError:Trim Failed; 110kt/5000ft/mode0:TrimFailureError:Trim Failed; 94kt/5000ft/mode1:TrimFailureError:Trim Failed; 132kt/5000ft/mode1:TrimFailureError:Trim Failed; 110kt/2500ft/mode1:TrimFailureError:Trim Failed,,built-in powered trim fails (engine/propeller model gives no usable thrust response); only engine-off glide trim; slow: RTF 41.9
T37,usable-with-caveats,jet,twin-turbojet trainer (Cessna T-37),turbine_engine,2050.0,,False,BETA,ok,2,builtin-full,200.0,10000.0,0.363,4756.0,1.28,1.28,0.0,0.973,0.031,-0.0,-0.0001,-0.0,0.02,-0.02,-0.0,ok,4.64,1.6,0.37,2.65,0.0,18.0,0.005,-32.22,ok,True,0.34,2.22,0.076,1.29,True,428.4,266.0,builtin-level,True,,,,trim throttle 0.973 (little thrust margin)
t6texan2,usable-with-caveats,turboprop,single-turboprop trainer (T-6 Texan II),turbine_engine,2464.0,,False,BETA,ok,1,builtin-full,200.0,10000.0,0.363,6000.0,-0.04,-0.04,0.0,0.953,0.069,-0.0,-0.0001,-0.0,0.02,-0.02,0.11,ok,13.65,2.02,0.19,4.17,0.01,-0.1,0.001,-83.46,ok,True,0.33,3.42,0.237,1.22,True,316.8,216.5,builtin-level,True,,,,trim throttle 0.953 (little thrust margin)
f22,avoid,jet,twin-turbofan afterburning fighter (F-22A),turbine_engine,74000.0,,True,PRODUCTION,ok,2,failed,,,,,,,,,,,,,,,,,,,,,,,,,,,,,,,,,,failed,,,300kt/10000ft/mode1:TrimFailureError:Trim Failed; 350kt/10000ft/mode1:TrimFailureError:Trim Failed; 400kt/10000ft/mode1:TrimFailureError:Trim Failed; 300kt/10000ft/mode0:TrimFailureError:Trim Failed; 255kt/10000ft/mode1:TrimFailureError:Trim Failed; 360kt/10000ft/mode1:TrimFailureError:Trim Failed,,no trim found (built-in ladder and engine-off Newton glide trim failed)
fokker50,avoid,turboprop,twin-turboprop airliner (Fokker 50),turboprop_engine,,5000.0,False,BETA,ok,2,newton-glide(engines off),180.0,10000.0,0.327,31900.0,-0.47,-12.37,-11.9,0.0,0.0,0.0,-0.0,-0.0,25.91,28.84,-0.02,pitch-excursion@12.7s,6.9,0.97,0.05,34.57,0.0,-6074.5,0.676,-68.96,nz-excursion@5.2s,False,77.7,2.76,19.484,5.81,True,388.0,214.3,newton-glide,False,/controls/engines/engine/throttle; /controls/engines/engine[1]/throttle,180kt/10000ft/mode1:TrimFailureError:Trim Failed; 200kt/10000ft/mode1:TrimFailureError:Trim Failed; 180kt/10000ft/mode0:TrimFailureError:Trim Failed; 153kt/10000ft/mode1:TrimFailureError:Trim Failed; 216kt/10000ft/mode1:TrimFailureError:Trim Failed; 180kt/5000ft/mode1:TrimFailureError:Trim Failed,,"elevator doublet (A=0.1, wing leveler on): pitch-excursion@12.7s"
L410,avoid,turboprop,twin-turboprop commuter (LET L-410),turboprop_engine,,1400.0,False,BETA,ok,2,failed,,,,,,,,,,,,,,,,,,,,,,,,,,,,,,,,,,newton-glide,False,,130kt/5000ft/mode1:TrimFailureError:Trim Failed; 150kt/5000ft/mode1:TrimFailureError:Trim Failed; 130kt/5000ft/mode0:TrimFailureError:Trim Failed; 110kt/5000ft/mode1:TrimFailureError:Trim Failed; 156kt/5000ft/mode1:TrimFailureError:Trim Failed; 130kt/2500ft/mode1:TrimFailureError:Trim Failed,,no trim found (built-in ladder and engine-off Newton glide trim failed)
pc7,avoid,turboprop,single-turboprop trainer (Pilatus PC-7),turboprop_engine,,549.8,False,ALPHA,ok,1,newton-glide(engines off),150.0,8000.0,0.263,4443.0,-0.66,-11.13,-10.47,0.0,0.0,-0.0,0.0,0.0,18.85,21.52,26.85,pitch-excursion@5.8s,20.17,2.92,0.08,56.3,71.22,-463.8,0.273,-123.73,ok,False,6.32,1.43,-2.325,1.81,True,854.4,635.7,newton-glide,False,,150kt/8000ft/mode1:TrimFailureError:Trim Failed; 180kt/8000ft/mode1:TrimFailureError:Trim Failed; 150kt/8000ft/mode0:TrimFailureError:Trim Failed; 128kt/8000ft/mode1:TrimFailureError:Trim Failed; 180kt/8000ft/mode1:TrimFailureError:Trim Failed; 150kt/4000ft/mode1:TrimFailureError:Trim Failed,,"elevator doublet (A=0.1, wing leveler on): pitch-excursion@5.8s"
wrightFlyer1903,avoid,piston,pioneer canard biplane (1903 Wright Flyer),piston_engine,,16.0,False,ALPHA,ok,1,newton-glide(engines off),26.0,500.0,0.04,751.0,0.49,-10.22,-10.71,0.0,0.0,-0.0,-0.0,-0.0,67.29,15.44,-173.47,pitch-excursion@3.3s,21.43,1.0,-10.46,79.01,180.0,-495.9,0.839,-192.17,alpha-excursion@6.8s,False,23.19,1.48,-13.576,1.42,True,357.4,251.2,newton-glide,False,,26kt/500ft/mode1:TrimFailureError:Trim Failed; 28kt/500ft/mode1:TrimFailureError:Trim Failed; 26kt/500ft/mode0:TrimFailureError:Trim Failed; 22kt/500ft/mode1:TrimFailureError:Trim Failed; 31kt/500ft/mode1:TrimFailureError:Trim Failed; 26kt/2000ft/mode1:TrimFailureError:Trim Failed,,"elevator doublet (A=0.1, wing leveler on): pitch-excursion@3.3s"
XB-70,avoid,jet,six-turbojet afterburning supersonic bomber (XB-70),turbine_engine,172800.0,,True,BETA,ok,6,builtin-full,300.0,10000.0,0.541,315625.0,-0.73,-0.73,0.0,0.898,0.397,0.0001,0.0003,-0.0,0.02,-0.03,0.0,nz-excursion@11.4s,2.25,6.94,0.53,88.37,88.86,-2332.6,28.84,-22.24,nz-excursion@12.4s,False,48.33,1.51,2.574,6.2,True,415.3,167.4,builtin-level,True,,,,"elevator doublet (A=0.1, wing leveler on): nz-excursion@11.4s, q oscillation grows x28.84"
