generation,best_cost,mean_cost,median_cost,n_failed,evaluations,elapsed_s,best_kp_alt,best_ki_alt,best_kd_alt,best_kp_pitch,best_ki_pitch,best_kd_pitch
0,0.319241,470.903321,4.314441,13,48,5.0,0.240333,0.00217896,1.01659,0.0132018,0.0021794,0.000532226
1,0.246391,194.693452,0.709990,5,44,10.1,0.5,0.00217896,1.01659,0.0132018,0.0021794,0.000532226
2,0.227494,252.474790,0.337568,7,45,15.0,0.5,4.46676e-05,0.881802,0.0132018,0.0021794,0.000532226
3,0.218112,21.772402,0.239442,2,38,20.4,0.497318,4.46676e-05,0.5877,0.0186944,0.0021794,0.000532226
4,0.198192,0.257435,0.235743,0,43,25.6,0.5,4.46676e-05,1.01659,0.0186944,0.0021794,0.00978534
5,0.197202,37.406400,0.220235,1,41,31.0,0.497318,4.46676e-05,1.01659,0.0186944,0.0021794,0.00978534
6,0.195091,0.219293,0.209692,0,36,36.0,0.497318,4.46676e-05,1.01659,0.0186944,0.0021794,0.00894509
7,0.195091,0.226886,0.199215,0,31,40.0,0.497318,4.46676e-05,1.01659,0.0186944,0.0021794,0.00894509
8,0.195045,0.209152,0.197158,0,28,44.0,0.497318,1.7873e-05,1.01659,0.0186944,0.0021794,0.00894509
9,0.195045,0.218501,0.200258,0,30,47.9,0.497318,1.7873e-05,1.01659,0.0186944,0.0021794,0.00894509
10,0.195035,0.201271,0.195066,0,24,50.8,0.497318,1e-05,1.01659,0.0186944,0.0021794,0.00894509
11,0.195035,0.215893,0.195047,0,26,54.2,0.497318,1e-05,1.01659,0.0186944,0.0021794,0.00894509
12,0.195035,0.203994,0.195713,0,24,57.2,0.497318,1e-05,1.01659,0.0186944,0.0021794,0.00894509
13,0.195035,0.224747,0.201742,0,31,61.7,0.497318,1e-05,1.01659,0.0186944,0.0021794,0.00894509
14,0.195035,0.211703,0.196895,0,26,65.1,0.497318,1e-05,1.01659,0.0186944,0.0021794,0.00894509
15,0.195035,0.226112,0.199369,0,32,69.4,0.497318,1e-05,1.01659,0.0186944,0.0021794,0.00894509
16,0.195035,0.241738,0.195751,0,26,73.1,0.497318,1e-05,1.01659,0.0186944,0.0021794,0.00894509
17,0.195035,0.211203,0.200193,0,30,77.2,0.497318,1e-05,1.01659,0.0186944,0.0021794,0.00894509
18,0.195035,0.202725,0.195035,0,22,80.4,0.497318,1e-05,1.01659,0.0186944,0.0021794,0.00894509
19,0.195035,0.205795,0.195035,0,19,82.9,0.497318,1e-05,1.01659,0.0186944,0.0021794,0.00894509
20,0.195035,0.205711,0.195040,0,25,86.5,0.497318,1e-05,1.01659,0.0186944,0.0021794,0.00894509
21,0.195035,0.207456,0.195048,0,23,89.1,0.497318,1e-05,1.01659,0.0186944,0.0021794,0.00894509
22,0.195035,0.208053,0.195035,0,19,92.0,0.497318,1e-05,1.01659,0.0186944,0.0021794,0.00894509
23,0.195035,0.226036,0.200341,0,27,95.3,0.497318,1e-05,1.01659,0.0186944,0.0021794,0.00894509
24,0.195035,0.236785,0.195035,0,19,98.0,0.497318,1e-05,1.01659,0.0186944,0.0021794,0.00894509
25,0.195035,0.214925,0.196641,0,27,101.6,0.497318,1e-05,1.01659,0.0186944,0.0021794,0.00894509
26,0.195035,0.206328,0.195035,0,22,104.3,0.497318,1e-05,1.01659,0.0186944,0.0021794,0.00894509
27,0.195035,0.210558,0.195724,0,27,107.8,0.497318,1e-05,1.01659,0.0186944,0.0021794,0.00894509
28,0.195035,0.210557,0.195915,0,28,111.4,0.497318,1e-05,1.01659,0.0186944,0.0021794,0.00894509
29,0.194751,0.206217,0.195035,0,22,114.1,0.5,1e-05,1.01659,0.0186944,0.00185582,0.00894509
30,0.194751,0.246039,0.195751,0,23,117.0,0.5,1e-05,1.01659,0.0186944,0.00185582,0.00894509
31,0.189219,0.211238,0.197287,0,25,120.4,0.497318,1e-05,0.78204,0.0208986,0.00185582,0.00894509
32,0.189170,0.249942,0.201342,0,36,125.8,0.497318,1.92251e-05,0.78204,0.0208986,0.00185582,0.00894509
33,0.189170,0.214806,0.201114,0,31,129.9,0.497318,1.92251e-05,0.78204,0.0208986,0.00185582,0.00894509
34,0.188590,0.201024,0.191243,0,25,133.2,0.497318,1.92251e-05,0.78204,0.0237564,0.00185582,0.00894509
35,0.188590,0.204046,0.190246,0,30,137.3,0.497318,1.92251e-05,0.78204,0.0237564,0.00185582,0.00894509
36,0.188590,0.198512,0.189170,0,26,140.5,0.497318,1.92251e-05,0.78204,0.0237564,0.00185582,0.00894509
37,0.188188,0.194466,0.188590,0,18,142.9,0.5,1.92251e-05,0.78204,0.0230881,0.00185582,0.00894509
38,0.185520,0.203894,0.189598,0,31,146.6,0.5,1.92251e-05,0.692686,0.0237564,0.00185582,0.00894509
39,0.185520,0.222032,0.190232,0,30,150.1,0.5,1.92251e-05,0.692686,0.0237564,0.00185582,0.00894509
